The Wolf of Wall Street,127 Hours,Saving Private Ryan,Up,Saw,Anchorman: The Legend of Ron Burgundy,How the Grinch Stole Christmas,Fast & Furious,Ghostbusters,The Wolverine,Mad Max,John Wick,Mamma Mia!,The Good Dunosaur,Transformers,Dinosaur,2 Guns,Inside Out,Spider-Man 3
Lord of War,Interstellar,The Shawshank Redemption,,,,,,,,,,,,,,,,
Bruce Almighty,,,,,,,,,,,,,,,,,,
X-Men,Saving Private Ryan,,,,,,,,,,,,,,,,,
Transformers,Frozen,Ghost in the Shell,Wreck-It Ralph,John Wick,,,,,,,,,,,,,,
Mad Max,,,,,,,,,,,,,,,,,,
Spy Kids,Hotel Transylvania,,,,,,,,,,,,,,,,,
Thor,Olympus Has Fallen,The Lego Movie,,,,,,,,,,,,,,,,
The Devil Wears Prada,Lara Croft: Tomb Raider,John Wick,,,,,,,,,,,,,,,,
Hotel Transylvania,,,,,,,,,,,,,,,,,,
The Shawshank Redemption,Iron Man ,,,,,,,,,,,,,,,,,
The Avengers,,,,,,,,,,,,,,,,,,
X-Men,Lord of War,Transformers,The Shawshank Redemption,Harry Potter and the Goblet of Fire,,,,,,,,,,,,,,
Lara Croft: Tomb Raider,The 40-Year-Old Virgin,The Avengers,,,,,,,,,,,,,,,,
Transformers,Dinosaur,,,,,,,,,,,,,,,,,
Transformers,,,,,,,,,,,,,,,,,,
The Wolf of Wall Street,"Monsters, Inc.",Captain America: The First Avenger,Mamma Mia!,Spider-Man 2,Harry Potter and the Goblet of Fire,Mad Max,,,,,,,,,,,,
X-Men,The Shawshank Redemption,,,,,,,,,,,,,,,,,
X-Men,The Hunger Games,World War Z,Lara Croft: Tomb Raider,Transformers,Atlantis: The Lost Empire,Dinosaur,The Shawshank Redemption,Captain America: The First Avenger,Guardians of the Galaxy,,,,,,,,,
Interstellar,Frozen,Mamma Mia!,Hotel Transylvania,Ted,,,,,,,,,,,,,,
The Wolf of Wall Street,127 Hours,Saving Private Ryan,Up,Saw,Anchorman: The Legend of Ron Burgundy,How the Grinch Stole Christmas,Fast & Furious,Ghostbusters,The Wolverine,Mad Max,John Wick,Mamma Mia!,The Good Dunosaur,Transformers,Dinosaur,2 Guns,Inside Out,Spider-Man 3
Lord of War,Interstellar,The Shawshank Redemption,,,,,,,,,,,,,,,,
Bruce Almighty,,,,,,,,,,,,,,,,,,
X-Men,Saving Private Ryan,,,,,,,,,,,,,,,,,
Transformers,Frozen,Ghost in the Shell,Wreck-It Ralph,John Wick,,,,,,,,,,,,,,
Mad Max,,,,,,,,,,,,,,,,,,
Spy Kids,Hotel Transylvania,,,,,,,,,,,,,,,,,
Thor,Olympus Has Fallen,The Lego Movie,,,,,,,,,,,,,,,,
The Devil Wears Prada,Lara Croft: Tomb Raider,John Wick,,,,,,,,,,,,,,,,
Hotel Transylvania,,,,,,,,,,,,,,,,,,
The Shawshank Redemption,Iron Man ,,,,,,,,,,,,,,,,,
The Avengers,,,,,,,,,,,,,,,,,,
X-Men,Lord of War,Transformers,The Shawshank Redemption,Harry Potter and the Goblet of Fire,,,,,,,,,,,,,,
Lara Croft: Tomb Raider,The 40-Year-Old Virgin,The Avengers,,,,,,,,,,,,,,,,
Transformers,Dinosaur,,,,,,,,,,,,,,,,,
Transformers,,,,,,,,,,,,,,,,,,
The Wolf of Wall Street,"Monsters, Inc.",Captain America: The First Avenger,Mamma Mia!,Spider-Man 2,Harry Potter and the Goblet of Fire,Mad Max,,,,,,,,,,,,
X-Men,The Shawshank Redemption,,,,,,,,,,,,,,,,,
X-Men,The Hunger Games,World War Z,Lara Croft: Tomb Raider,Transformers,Atlantis: The Lost Empire,Dinosaur,The Shawshank Redemption,Captain America: The First Avenger,Guardians of the Galaxy,,,,,,,,,
Interstellar,Frozen,Mamma Mia!,Hotel Transylvania,Ted,,,,,,,,,,,,,,
The Wolf of Wall Street,127 Hours,Saving Private Ryan,Up,Saw,Anchorman: The Legend of Ron Burgundy,How the Grinch Stole Christmas,Fast & Furious,Ghostbusters,The Wolverine,Mad Max,John Wick,Mamma Mia!,The Good Dunosaur,Transformers,Dinosaur,2 Guns,Inside Out,Spider-Man 3
Lord of War,Interstellar,The Shawshank Redemption,,,,,,,,,,,,,,,,
Bruce Almighty,,,,,,,,,,,,,,,,,,
X-Men,Saving Private Ryan,,,,,,,,,,,,,,,,,
Transformers,Frozen,Ghost in the Shell,Wreck-It Ralph,John Wick,,,,,,,,,,,,,,
Mad Max,,,,,,,,,,,,,,,,,,
Spy Kids,Hotel Transylvania,,,,,,,,,,,,,,,,,
Thor,Olympus Has Fallen,The Lego Movie,,,,,,,,,,,,,,,,
The Devil Wears Prada,Lara Croft: Tomb Raider,John Wick,,,,,,,,,,,,,,,,
Hotel Transylvania,,,,,,,,,,,,,,,,,,
The Shawshank Redemption,Iron Man ,,,,,,,,,,,,,,,,,
The Avengers,,,,,,,,,,,,,,,,,,
X-Men,Lord of War,Transformers,The Shawshank Redemption,Harry Potter and the Goblet of Fire,,,,,,,,,,,,,,
Lara Croft: Tomb Raider,The 40-Year-Old Virgin,The Avengers,,,,,,,,,,,,,,,,
Transformers,Dinosaur,,,,,,,,,,,,,,,,,
Transformers,,,,,,,,,,,,,,,,,,
The Wolf of Wall Street,"Monsters, Inc.",Captain America: The First Avenger,Mamma Mia!,Spider-Man 2,Harry Potter and the Goblet of Fire,Mad Max,,,,,,,,,,,,
X-Men,The Shawshank Redemption,,,,,,,,,,,,,,,,,
X-Men,The Hunger Games,World War Z,Lara Croft: Tomb Raider,Transformers,Atlantis: The Lost Empire,Dinosaur,The Shawshank Redemption,Captain America: The First Avenger,Guardians of the Galaxy,,,,,,,,,
Interstellar,Frozen,Mamma Mia!,Hotel Transylvania,Ted,,,,,,,,,,,,,,
The Wolf of Wall Street,127 Hours,Saving Private Ryan,Up,Saw,Anchorman: The Legend of Ron Burgundy,How the Grinch Stole Christmas,Fast & Furious,Ghostbusters,The Wolverine,Mad Max,John Wick,Mamma Mia!,The Good Dunosaur,Transformers,Dinosaur,2 Guns,Inside Out,Spider-Man 3
Lord of War,Interstellar,The Shawshank Redemption,,,,,,,,,,,,,,,,
Bruce Almighty,,,,,,,,,,,,,,,,,,
X-Men,Saving Private Ryan,,,,,,,,,,,,,,,,,
Transformers,Frozen,Ghost in the Shell,Wreck-It Ralph,John Wick,,,,,,,,,,,,,,
Mad Max,,,,,,,,,,,,,,,,,,
Spy Kids,Hotel Transylvania,,,,,,,,,,,,,,,,,
Thor,Olympus Has Fallen,The Lego Movie,,,,,,,,,,,,,,,,
The Devil Wears Prada,Lara Croft: Tomb Raider,John Wick,,,,,,,,,,,,,,,,
Hotel Transylvania,,,,,,,,,,,,,,,,,,
The Shawshank Redemption,Iron Man ,,,,,,,,,,,,,,,,,
The Avengers,,,,,,,,,,,,,,,,,,
X-Men,Lord of War,Transformers,The Shawshank Redemption,Harry Potter and the Goblet of Fire,,,,,,,,,,,,,,
Lara Croft: Tomb Raider,The 40-Year-Old Virgin,The Avengers,,,,,,,,,,,,,,,,
Transformers,Dinosaur,,,,,,,,,,,,,,,,,
Transformers,,,,,,,,,,,,,,,,,,
The Wolf of Wall Street,"Monsters, Inc.",Captain America: The First Avenger,Mamma Mia!,Spider-Man 2,Harry Potter and the Goblet of Fire,Mad Max,,,,,,,,,,,,
X-Men,The Shawshank Redemption,,,,,,,,,,,,,,,,,
X-Men,The Hunger Games,World War Z,Lara Croft: Tomb Raider,Transformers,Atlantis: The Lost Empire,Dinosaur,The Shawshank Redemption,Captain America: The First Avenger,Guardians of the Galaxy,,,,,,,,,
Interstellar,Frozen,Mamma Mia!,Hotel Transylvania,Ted,,,,,,,,,,,,,,
The Wolf of Wall Street,127 Hours,Saving Private Ryan,Up,Saw,Anchorman: The Legend of Ron Burgundy,How the Grinch Stole Christmas,Fast & Furious,Ghostbusters,The Wolverine,Mad Max,John Wick,Mamma Mia!,The Good Dunosaur,Transformers,Dinosaur,2 Guns,Inside Out,Spider-Man 3
Lord of War,Interstellar,The Shawshank Redemption,,,,,,,,,,,,,,,,
Bruce Almighty,,,,,,,,,,,,,,,,,,
X-Men,Saving Private Ryan,,,,,,,,,,,,,,,,,
Transformers,Frozen,Ghost in the Shell,Wreck-It Ralph,John Wick,,,,,,,,,,,,,,
Mad Max,,,,,,,,,,,,,,,,,,
Spy Kids,Hotel Transylvania,,,,,,,,,,,,,,,,,
Thor,Olympus Has Fallen,The Lego Movie,,,,,,,,,,,,,,,,
The Devil Wears Prada,Lara Croft: Tomb Raider,John Wick,,,,,,,,,,,,,,,,
Hotel Transylvania,,,,,,,,,,,,,,,,,,
The Shawshank Redemption,Iron Man ,,,,,,,,,,,,,,,,,
The Avengers,,,,,,,,,,,,,,,,,,
X-Men,Lord of War,Transformers,The Shawshank Redemption,Harry Potter and the Goblet of Fire,,,,,,,,,,,,,,
Lara Croft: Tomb Raider,The 40-Year-Old Virgin,The Avengers,,,,,,,,,,,,,,,,
Transformers,Dinosaur,,,,,,,,,,,,,,,,,
Transformers,,,,,,,,,,,,,,,,,,
The Wolf of Wall Street,"Monsters, Inc.",Captain America: The First Avenger,Mamma Mia!,Spider-Man 2,Harry Potter and the Goblet of Fire,Mad Max,,,,,,,,,,,,
X-Men,The Shawshank Redemption,,,,,,,,,,,,,,,,,
X-Men,The Hunger Games,World War Z,Lara Croft: Tomb Raider,Transformers,Atlantis: The Lost Empire,Dinosaur,The Shawshank Redemption,Captain America: The First Avenger,Guardians of the Galaxy,,,,,,,,,
Interstellar,Frozen,Mamma Mia!,Hotel Transylvania,Ted,,,,,,,,,,,,,,
